Function	glycolysis	gluconeogenesis	TCA Cycle	NAD(P)H-quinone oxidoreductase	NADH-quinone oxidoreductase	Na-NADH-ubiquinone oxidoreductase	F-type ATPase	V-type ATPase	Cytochrome c oxidase	Ubiquinol-cytochrome c reductase	Cytochrome o ubiquinol oxidase	Cytochrome aa3-600 menaquinol oxidase	Cytochrome c oxidase, cbb3-type	Cytochrome bd complex	RuBisCo	CBB Cycle	rTCA Cycle	Wood-Ljungdahl	3-Hydroxypropionate Bicycle	4-Hydroxybutyrate/3-hydroxypropionate	pectinesterase	diacetylchitobiose deacetylase	glucoamylase	D-galacturonate epimerase	exo-poly-alpha-galacturonosidase	oligogalacturonide lyase	cellulase	exopolygalacturonase	chitinase	basic endochitinase B	bifunctional chitinase/lysozyme	beta-N-acetylhexosaminidase	D-galacturonate isomerase	alpha-amylase	beta-glucosidase	pullulanase	ammonia oxidation (amo/pmmo)	hydroxylamine oxidation	nitrite oxidation	dissim nitrate reduction	DNRA	nitrite reduction	nitric oxide reduction	nitrous-oxide reduction	nitrogen fixation	hydrazine dehydrogenase	hydrazine synthase	dissimilatory sulfate < > APS	dissimilatory sulfite < > APS	dissimilatory sulfite < > sulfide	thiosulfate oxidation	alt thiosulfate oxidation tsdA	alt thiosulfate oxidation doxAD	sulfur reductase sreABC	thiosulfate/polysulfide reductase	sulfhydrogenase	sulfur disproportionation	sulfur dioxygenase	sulfite dehydrogenase	sulfite dehydrogenase (quinone)	sulfide oxidation	sulfur assimilation	DMSP demethylation	DMS dehydrogenase	DMSO reductase	NiFe hydrogenase	ferredoxin hydrogenase	membrane-bound hydrogenase	hydrogen:quinone oxidoreductase	NAD-reducing hydrogenase	NADP-reducing hydrogenase	NiFe hydrogenase Hyd-1	thiamin biosynthesis	riboflavin biosynthesis	cobalamin biosynthesis	transporter: vitamin B12	transporter: thiamin	transporter: urea	transporter: phosphonate	transporter: phosphate	Flagellum	Chemotaxis	Methanogenesis via methanol	Methanogenesis via acetate	Methanogenesis via dimethylsulfide, methanethiol, methylpropanoate	Methanogenesis via methylamine	Methanogenesis via trimethylamine	Methanogenesis via dimethylamine	Methanogenesis via CO2	Coenzyme B/Coenzyme M regeneration	Coenzyme M reduction to methane	Soluble methane monooxygenase	methanol dehydrogenase	alcohol oxidase	dimethylamine/trimethylamine dehydrogenase	Photosystem II	Photosystem I	Cytochrome b6/f complex	anoxygenic type-II reaction center	anoxygenic type-I reaction center	Retinal biosynthesis	Entner-Doudoroff Pathway	Mixed acid: Lactate	Mixed acid: Formate	Mixed acid: Formate to CO2 & H2	Mixed acid: Acetate	Mixed acid: Ethanol, Acetate to Acetylaldehyde	Mixed acid: Ethanol, Acetyl-CoA to Acetylaldehyde (reversible)	Mixed acid: Ethanol, Acetylaldehyde to Ethanol	Mixed acid: PEP to Succinate via OAA, malate & fumarate	Naphthalene degradation to salicylate	Biofilm PGA Synthesis protein	Colanic acid and Biofilm transcriptional regulator	Biofilm regulator BssS	Colanic acid and Biofilm protein A	Curli fimbriae biosynthesis	Adhesion	Competence-related core components	Competence-related related components	Competence factors	Glyoxylate shunt	Anaplerotic genes	Sulfolipid biosynthesis	C-P lyase cleavage PhnJ	CP-lyase complex	CP-lyase operon	Type I Secretion	Type III Secretion	Type II Secretion	Type IV Secretion	Type VI Secretion	Sec-SRP	Twin Arginine Targeting	Type Vabc Secretion	Serine pathway/formaldehyde assimilation	Arsenic reduction	Cobalt transporter CbiMQ	Cobalt transporter CbtA	Cobalt transporter CorA	Nickel ABC-type substrate-binding NikA	Copper transporter CopA	Ferrous iron transporter FeoB	Ferric iron ABC-type substrate-binding AfuA	Fe-Mn transporter MntH	histidine	arginine	lysine	serine	threonine	asparagine	glutamine	cysteine	glycine	proline	alanine	valine	methionine	phenylalanine	isoleucine	leucine	tryptophan	tyrosine	aspartate	glutamate	PET degradation	starch/glycogen synthesis	starch/glycogen degradation	polyhydroxybutyrate synthesis	bidirectional polyphosphate
MTS-001.bin.10	 0.78	 0.89	 1.0	 0	 0.91	 0.0	 1.0	 0	 0.75	 0.99	 1.0	 0	 0.75	 0	 0	 0.0	 0	 0.0	 0.24	 0.3	 0	 1	 0	 1	 0	 1	 0	 1	 0	 0	 0	 1	 1	 1	 1	 0	 0	 0	 0	 0	 1	 0	 0	 0	 0	 0	 0	 0	 0	 0	 0.0	 0	 0	 0	 0	 0	 0	 0	 0	 0	 0	 1	 0	 0	 0	 0	 0	 0	 0	 0	 0	 0	 0.64	 1.0	 1.0	 0	 0	 0.0	 0	 1.0	 0.96	 0.75	 0	 0	 0	 0	 0	 0	 0	 0.0	 0	 0	 0	 0	 0	 0	 0	 0	 0	 0	 0.75	 1.0	 0	 0	 0.167	 1	 1	 0	 0	 0.625	 0.0	 0	 0	 0	 0	 0	 0	 0.07	 0	 0	 1	 0.75	 0	 0	 0	 0.09	 0.33	 0	 0	 0.9129999999999999	 0	 0.9129999999999999	 0.5	 0	 0.5	 0.75	 0	 0	 1.0	 0	 0	 1.0	 0	 1.0	 1	 1	 1	 1	 1	 1	 1	 1	 1	 1	 1	 0.8300000000000001	 1	 1	 0.8300000000000001	 1.0	 1.0	 1	 1	 1	 0	 0.99	 1	 0.8340000000000001	 1.0
MTS-001.bin.11	 0.78	 0.89	 0.88	 0	 0.98	 0.0	 0.875	 0	 0	 1	 0	 0	 1.0	 1.0	 0	 0.0	 0	 0.0	 0.35	 0.3	 0	 1	 0	 1	 0	 0	 0	 0	 0	 0	 0	 1	 0	 0	 1	 0	 0	 0	 0	 1	 1	 1	 1	 1	 0.99	 0	 0	 0	 0	 0	 0.16	 1	 0	 0	 0	 0.5	 0	 0	 0	 0	 0	 1	 0	 0	 0	 0	 0	 0	 0	 0	 0	 0.66	 0.64	 1.0	 1.0	 0	 0	 1.0	 0.99	 1.0	 1.0	 0.75	 0	 0	 0	 0	 0	 0	 0	 0.0	 0	 0	 0	 0	 0	 0	 0	 0	 0	 0	 0.25	 0.25	 1	 0	 0.501	 0.5	 1	 0	 0	 0.375	 0.0	 0	 0	 0	 0	 0	 0	 0.07	 0	 0	 0	 0.75	 0.5	 0	 0	 0.09	 0.99	 0	 0	 0	 0	 0.9129999999999999	 0.75	 0	 0.30000000000000004	 0.75	 1.0	 0	 0	 0	 1.0	 1.0	 0	 0	 1	 1	 1	 1	 1	 1	 1	 1	 1	 1	 1	 0.8300000000000001	 1	 1	 0.8300000000000001	 1.0	 1.0	 1	 1	 1	 0	 0.99	 1	 0.8340000000000001	 1.0
MTS-001.bin.13	 0.78	 0.89	 1.0	 0.07	 0.98	 0.0	 1.0	 0	 0.75	 0.99	 1.0	 0	 1.0	 1.0	 0	 0.0	 0	 0.0	 0.24	 0.3	 0	 0	 0	 1	 0	 1	 0	 0	 0	 0	 0	 1	 0	 0	 1	 0	 0	 0	 0	 0	 1	 0	 0	 0	 0	 0	 0	 0	 0	 0	 0.16	 0	 0	 0	 0	 0	 0	 0	 0	 0	 0	 0	 0	 0	 0	 0	 0	 0	 0	 0	 0	 0	 0.64	 1.0	 1.0	 0	 0	 0.0	 0	 1.0	 0.96	 0.75	 0	 0	 0	 0	 0	 0	 0	 0.0	 0	 0	 0	 0	 0	 0	 0	 0	 0	 0	 0.75	 1.0	 0	 0	 0.668	 0	 1	 0	 0	 0.5205	 0.0	 0	 0	 0	 0	 0	 0	 0.07	 0	 0	 1	 0.75	 0	 0	 0	 0.09	 0.33	 0	 0	 0	 0	 0.9129999999999999	 0.75	 0	 0.4	 0.5	 0	 0	 0	 0	 0	 1.0	 0	 0	 1	 1	 1	 1	 1	 1	 1	 1	 1	 1	 1	 0.8300000000000001	 1	 1	 0.8300000000000001	 1.0	 1.0	 1	 1	 1	 0	 0.99	 1	 0.8340000000000001	 1.0
MTS-001.bin.16	 0.78	 0.89	 0.88	 0	 0.98	 0.0	 1.0	 0	 0.75	 0.99	 1.0	 0	 1.0	 1.0	 0	 0.0	 0	 0.0	 0.24	 0.2	 0	 0	 0	 0	 0	 0	 0	 1	 1	 0	 0	 1	 0	 1	 1	 1	 0	 0	 0	 0	 1	 0	 0	 0	 0	 0	 0	 0	 0	 0	 0.64	 0	 0	 0	 0	 0	 0	 1	 0	 0	 1	 1	 0	 0	 0	 0	 0	 0	 0	 0	 0	 0	 0.64	 1.0	 1.0	 0	 0	 1.0	 0.99	 1.0	 1.0	 1.0	 0	 0	 0	 0	 0	 0	 0	 0.0	 0	 0	 0	 0	 0	 0	 0	 0	 0	 0	 0.25	 1.0	 0	 0	 0.501	 1	 1	 0	 0	 0.625	 0.0	 0	 0	 0	 0	 0	 0	 0.14	 0	 0	 1	 0.75	 0	 0	 0	 0	 0.99	 0	 0.7689999999999998	 0	 0.555	 0.83	 0.75	 0	 0.6	 0.75	 1.0	 0	 1.0	 0	 1.0	 1.0	 0	 1.0	 1	 1	 1	 1	 1	 0	 1	 1	 1	 1	 1	 0.664	 1	 1	 0.664	 0.75	 1.0	 1	 0	 0	 0	 0	 1	 0.8340000000000001	 1.0
MTS-001.bin.18	 0.67	 0.78	 0.75	 0	 0.98	 0.0	 1.0	 0	 0.5	 0.99	 0	 0	 0	 1.0	 0	 0.0	 0	 0.0	 0.24	 0.2	 0	 0	 0	 0	 0	 0	 0	 0	 0	 0	 0	 1	 0	 0	 0	 0	 0	 0	 0	 0	 1	 0	 0	 0	 0	 0	 0	 0	 0	 0	 0.0	 0	 0	 0	 0	 0	 0	 0	 0	 0	 0	 1	 0	 0	 0	 0	 0	 0	 0	 0	 0	 0	 0.64	 0.75	 0.62	 0	 0	 1.0	 0	 1.0	 1.0	 0.88	 0	 0	 0	 0	 0	 0	 0	 0.0	 0	 0	 0	 0	 0	 0	 0	 0	 0	 0	 0	 1.0	 0	 0	 0.501	 0	 1	 0	 0	 0.625	 0.0	 0	 0	 0	 0	 0	 0	 0.14	 0	 0	 1	 0.75	 0	 0	 0	 0	 0	 0	 0.0769	 0	 0.111	 0.747	 0.75	 0	 0.7	 0.75	 0	 0	 0	 0	 1.0	 1.0	 0	 0	 1	 1	 1	 1	 1	 0	 0	 1	 1	 1	 1	 0.8300000000000001	 1	 1	 0.8300000000000001	 0.75	 1.0	 1	 1	 1	 0	 0	 0	 0.8340000000000001	 1.0
MTS-001.bin.19	 0.56	 0.67	 0.88	 0	 0.91	 0.0	 1.0	 0	 0.25	 0.99	 1.0	 0	 1.0	 1.0	 0	 0.0	 0	 0.0	 0.24	 0.2	 0	 0	 0	 1	 0	 1	 0	 1	 0	 0	 0	 1	 0	 0	 1	 0	 0	 0	 0	 0	 1	 0	 0	 0	 0	 0	 0	 0	 0	 0	 0.0	 0	 0	 0	 0	 0	 0	 0	 0	 0	 0	 0	 0	 0	 0	 0	 0	 0	 0	 0	 0	 0	 0.64	 1.0	 0.75	 0	 0.99	 1.0	 0	 1.0	 0.96	 0.88	 0	 0	 0	 0	 0	 0	 0	 0.0	 0	 0	 0	 0	 0	 0	 0	 0	 0	 0	 0	 0.75	 0	 0	 0	 0	 1	 0	 0	 0.14550000000000002	 0.0	 0	 0	 0	 0	 0	 0	 0.07	 0	 0	 1	 0.5	 0	 0	 0	 0	 0.99	 0	 0.6920999999999998	 0	 0.444	 0.9129999999999999	 0.75	 0	 0.5	 0.75	 0	 0	 1.0	 0	 1.0	 0	 1.0	 0	 0	 1	 1	 1	 1	 0	 1	 1	 1	 1	 1	 0.8300000000000001	 1	 1	 0.8300000000000001	 1.0	 1.0	 1	 0	 0	 0	 0	 0	 0.8340000000000001	 1.0
MTS-001.bin.20	 0.89	 0.89	 0.88	 0	 0.84	 1.0	 1.0	 0	 0	 0.99	 1.0	 0	 1.0	 1.0	 0	 0.0	 0	 0.0	 0.24	 0.3	 0	 0	 0	 1	 0	 0	 0	 0	 1	 0	 0	 0	 0	 1	 1	 1	 0	 0	 0	 1	 1	 0	 0	 0	 0	 0	 0	 0	 0	 0	 0.0	 0	 0	 0	 0	 0	 0	 0	 0	 0	 0	 1	 0	 0	 0	 0	 0	 0	 0	 0	 0	 0.66	 0.82	 1.0	 0.12	 0.66	 0.99	 0.0	 0	 1.0	 1.0	 0.88	 0	 0	 0	 0	 0	 0	 0	 0.0	 0	 0	 0	 0	 0	 0	 0	 0	 0	 0	 0	 0.75	 0	 1	 0.501	 1.0	 1	 1	 0	 0.708	 0.0	 0	 0	 0	 0	 0	 0	 0.14	 0	 0	 1	 0.75	 0	 0	 0	 0	 0.33	 0	 0.8458999999999998	 0	 0.666	 0.83	 0.75	 0	 0.5	 0.75	 0	 0	 1.0	 0	 1.0	 1.0	 1.0	 1.0	 1	 1	 1	 1	 1	 1	 1	 1	 1	 1	 1	 0.9960000000000001	 1	 1	 0.9960000000000001	 1.0	 1.0	 1	 1	 1	 0	 0.99	 1	 0.8340000000000001	 1.0
MTS-001.bin.21	 0.67	 0.0	 0.88	 0	 0.49	 0.0	 0.75	 0	 0	 0.99	 0.5	 0	 1.0	 1.0	 0	 0.0	 0	 0.0	 0.24	 0.2	 0	 0	 0	 1	 0	 1	 0	 1	 0	 0	 0	 1	 1	 0	 0	 0	 0	 0	 0	 0	 1	 0	 0	 0	 0.99	 0	 0	 0	 0	 0	 0.0	 0	 0	 0	 0	 0.75	 0	 0	 0	 0	 0	 1	 0	 0	 0	 0	 0	 0	 0	 0	 0	 0.33	 0.73	 1.0	 0.62	 0	 0	 1.0	 0	 1.0	 0.7	 0.88	 0	 0	 0	 0	 0	 0	 0	 0.0	 0	 0	 0	 0	 0	 0	 0	 0	 0	 0	 0.25	 1.0	 1	 1	 0.334	 0.5	 1	 0	 0	 0.14550000000000002	 0.0	 0	 0	 0	 0	 0	 0	 0.14	 0	 0	 1	 0.5	 0	 0	 0	 0	 0.99	 0	 0.3076	 0	 0.444	 0.664	 0.75	 0	 0.5	 0.5	 0.5	 0	 1.0	 0	 1.0	 1.0	 0	 1.0	 1	 1	 1	 1	 1	 0	 1	 1	 1	 1	 1	 0.8300000000000001	 1	 1	 0.8300000000000001	 1.0	 1.0	 1	 1	 1	 0	 0	 0	 0.8340000000000001	 1.0
MTS-001.bin.4	 1.0	 0.0	 0.62	 0	 0.98	 0.0	 1.0	 0	 1.0	 0	 0	 0	 0.25	 1.0	 0	 0.0	 0	 0.0	 0.12	 0.3	 0	 1	 0	 0	 0	 0	 0	 0	 1	 0	 0	 1	 1	 0	 1	 0	 0	 0	 0	 0	 0	 0	 0	 0	 0	 0	 0	 0	 0	 0	 0.0	 1	 0	 0	 0	 0	 0	 0	 0	 0	 0	 1	 0	 0	 0	 0	 0	 0	 0	 0	 0	 0.33	 0.36	 1.0	 0.12	 0	 0	 0.0	 0	 0.25	 0.04	 0.25	 0	 0	 0	 0	 0	 0	 0	 0.2	 0	 0	 0	 0	 0	 0	 0	 0	 0	 0	 0.75	 0.75	 0	 0	 0	 1	 1	 0	 0	 0.3125	 0.0	 0.25	 0	 0	 0	 0	 0	 0.14	 0	 0	 0	 0.5	 0.5	 1	 0.75	 0.7199999999999999	 0.33	 0	 0	 0.083	 0	 0.8099999999999998	 0.5	 0	 0.30000000000000004	 0.75	 0	 0	 1.0	 0	 1.0	 1.0	 0	 1.0	 1	 1	 1	 1	 1	 1	 1	 1	 1	 1	 1	 0.8300000000000001	 1	 1	 0.8300000000000001	 1.0	 1.0	 0	 1	 1	 0	 0.99	 1	 0.167	 1.0
MTS-001.bin.5	 0.89	 0.89	 0.88	 0	 0.84	 0.0	 1.0	 0	 0	 0	 1.0	 0	 0	 1.0	 0	 0.0	 0	 0.0	 0.24	 0.2	 0	 0	 0	 1	 0	 0	 0	 0	 0	 0	 0	 1	 1	 0	 1	 0	 0	 0	 1	 1	 1	 0	 0	 0	 0	 0	 0	 0	 0	 0	 0.0	 0	 0	 0	 0	 0	 0	 0	 0	 0	 0	 1	 0	 0	 0	 0	 0	 0	 0	 0	 0	 0	 0.82	 1.0	 0.12	 0.99	 0.99	 1.0	 0.99	 1.0	 1.0	 0.88	 0	 0	 0	 0	 0	 0	 0	 0.0	 0	 0	 0	 0	 0	 0	 0	 0	 0	 0	 1.0	 0.75	 0	 1	 0.501	 1	 1	 1	 0	 0.6875	 0.0	 0	 0	 1	 0	 0	 0	 0.14	 0	 0	 1	 0.75	 0	 1	 1.0	 0.8999999999999998	 0.33	 0	 0	 0	 0.777	 0.9959999999999999	 1.0	 0	 0.5	 0.25	 0	 0	 1.0	 0	 1.0	 0	 1.0	 1.0	 1	 1	 1	 1	 1	 1	 1	 1	 1	 1	 1	 0.9960000000000001	 1	 1	 0.9960000000000001	 1.0	 1.0	 1	 1	 1	 0	 0.99	 1	 0.667	 1.0
MTS-001.bin.6	 0.78	 0.89	 0.88	 0	 0.98	 0.0	 1.0	 0	 0.75	 0.99	 1.0	 0	 0	 1.0	 0	 0.0	 0	 0.0	 0.35	 0.2	 0	 0	 0	 0	 0	 0	 0	 0	 0	 0	 0	 1	 0	 0	 1	 0	 0	 0	 0	 0	 1	 0	 0	 0	 0.99	 0	 0	 0	 0	 0	 0.0	 0	 0	 0	 0	 0	 0	 0	 0	 0	 1	 1	 0	 0	 0	 0	 0	 0	 0	 0	 0	 0.99	 0.64	 1.0	 1.0	 0	 0	 1.0	 0	 1.0	 1.0	 0.88	 0	 0	 0	 0	 0	 0	 0	 0.0	 0	 0	 0	 0	 0	 0	 0	 0	 0	 0	 0.25	 1.0	 0	 0	 0	 0	 1	 1	 0	 0.458	 0.0	 0	 0	 0	 0	 0	 0	 0.14	 0	 0	 1	 0.75	 0	 0	 0	 0	 0.99	 0.0666	 0.0769	 0.747	 0	 0.9129999999999999	 0.75	 0	 0.6	 0.75	 0	 0	 1.0	 0	 1.0	 0	 1.0	 1.0	 1	 1	 1	 1	 1	 0	 0	 1	 1	 1	 1	 0.8300000000000001	 1	 1	 0.8300000000000001	 1.0	 1.0	 1	 1	 1	 0	 0	 0	 0.8340000000000001	 1.0
MTS-001.bin.7	 0.78	 0.89	 0.88	 0.07	 0.98	 0.0	 1.0	 0	 0.75	 0.99	 1.0	 0	 1.0	 1.0	 0	 0.0	 0	 0.0	 0.29	 0.2	 0	 0	 0	 0	 0	 0	 0	 1	 0	 0	 0	 1	 0	 0	 1	 0	 0	 0	 1	 1	 1	 0	 0	 0	 0.99	 0	 0	 0	 0	 0	 0.16	 0	 0	 0	 0	 0	 0	 0	 0	 0	 0	 1	 0	 0	 0	 0	 0	 0	 0	 0	 0	 0	 0.64	 1.0	 1.0	 0	 0	 1.0	 0.99	 1.0	 1.0	 0.88	 0	 0	 0	 0	 0	 0	 0	 0.0	 0	 0	 0	 0	 0	 0	 0	 0	 0	 0	 0.25	 1.0	 0	 0	 0.668	 1	 1	 0	 0	 0.625	 0.08	 0	 0	 0	 0	 0	 0	 0.14	 0	 0	 1	 0.75	 0	 0	 0	 0	 0.99	 0	 0.3076	 0.083	 0.666	 0.9129999999999999	 0.75	 0	 0.4	 0.75	 0	 0	 1.0	 0	 1.0	 1.0	 1.0	 1.0	 1	 1	 1	 1	 1	 0	 0	 1	 1	 1	 1	 0.8300000000000001	 1	 1	 0.8300000000000001	 1.0	 1.0	 1	 1	 1	 0	 0.66	 1	 0.8340000000000001	 1.0
MTS-001.bin.9	 0.78	 0.89	 0.88	 0	 0.91	 0.0	 1.0	 0	 0.75	 0.99	 1.0	 0	 0	 1.0	 0	 0.0	 0	 0.0	 0.29	 0.2	 0	 0	 0	 0	 0	 0	 0	 0	 0	 0	 0	 1	 0	 0	 1	 0	 0	 0	 0	 0	 1	 0	 0	 0	 0	 0	 0	 0	 0	 0	 0.8	 0	 0	 0	 0	 0	 0	 0	 0	 0	 1	 1	 0	 0	 0	 0	 0	 0	 0	 0	 0	 0	 0.73	 1.0	 1.0	 0	 0	 1.0	 0.99	 1.0	 1.0	 0.88	 0	 0	 0	 0	 0	 0	 0	 0.0	 0	 0	 0	 0	 0	 0	 0	 0	 0	 0	 0.25	 1.0	 1	 0	 0.8350000000000001	 0.5	 1	 1	 0	 0.5205	 0.08	 0	 0	 0	 0	 0	 0	 0.14	 0	 0	 1	 0.75	 0	 1	 1.0	 0.7199999999999999	 0	 0.0666	 0	 0	 0	 0.9129999999999999	 0.75	 0	 0.6	 0.75	 0	 0	 1.0	 0	 1.0	 1.0	 1.0	 1.0	 1	 1	 1	 1	 1	 0	 1	 1	 1	 1	 1	 0.8300000000000001	 1	 1	 0.8300000000000001	 1.0	 1.0	 1	 0	 0	 0	 0	 0	 0.8340000000000001	 1.0
MTS-010.bin.10	 0.67	 0.0	 0.75	 0	 0.63	 0.0	 1.0	 0	 0	 1	 0	 0	 1.0	 1.0	 0	 0.0	 0	 0.17	 0.24	 0.3	 0	 1	 0	 0	 0	 0	 0	 0	 0	 0	 0	 0	 0	 0	 0	 0	 0	 0	 0	 0	 1	 0	 0	 0	 0.99	 0	 0	 0	 0	 0	 0.0	 0	 0	 0	 0	 0	 0	 0	 0	 0	 1	 0	 0	 0	 0	 0	 0	 0	 0	 0	 0	 0.99	 0.45	 0.75	 0.75	 0	 0	 0.6	 0.99	 1.0	 0.83	 0.88	 0	 0	 0	 0	 0	 0	 0	 0.0	 0	 0	 0	 0	 0	 0	 0	 0	 0	 0	 0.25	 0.25	 0	 0	 0.668	 0	 1	 0	 0	 0.458	 0.04	 0	 0	 0	 0	 0	 0	 0.14	 0	 0	 0	 0.5	 0	 1	 1.0	 0.6299999999999999	 0.33	 0	 0	 0	 0	 0.83	 0.75	 0	 0.4	 0.5	 0	 0	 1.0	 0	 1.0	 0	 0	 1.0	 1	 0	 0	 1	 1	 0	 1	 1	 1	 1	 0	 0.8300000000000001	 1	 0	 0.8300000000000001	 1.0	 1.0	 1	 1	 1	 0	 0	 0	 0.8340000000000001	 1.0
MTS-010.bin.11	 1.0	 1.0	 0.75	 0	 0.98	 0.0	 1.0	 0	 0.75	 0.99	 1.0	 0	 0	 1.0	 0	 0.0	 0	 0.0	 0.12	 0.2	 0	 1	 0	 1	 0	 0	 0	 0	 0	 0	 0	 1	 0	 0	 1	 0	 0	 0	 0	 0	 1	 0	 0	 0	 0	 0	 0	 0	 0	 0	 0.0	 0	 0	 0	 0	 0	 0	 0	 0	 0	 1	 1	 0	 0	 0	 0	 0	 0	 0	 0	 0	 0	 0.55	 1.0	 0.88	 0	 0.99	 1.0	 0.99	 1.0	 0.87	 0.75	 0	 0	 0	 0	 0	 0	 0	 0.0	 0	 0	 0	 0	 0	 0	 0	 0	 0	 0	 0.25	 1.0	 0	 0	 0.8350000000000001	 1	 1	 0	 0	 0.3955	 0.0	 0	 0	 0	 0	 0	 0	 0.07	 0	 0	 0	 0.75	 0.5	 1	 1.0	 0.8999999999999998	 0.66	 0	 0	 0.5810000000000001	 0	 0.8999999999999998	 0.75	 0	 0.4	 0.75	 0	 0	 1.0	 0	 1.0	 0	 1.0	 1.0	 1	 1	 1	 1	 1	 0	 1	 1	 1	 1	 1	 0.8300000000000001	 1	 1	 0.8300000000000001	 1.0	 0.5	 1	 1	 1	 0	 0.99	 1	 0.8340000000000001	 1.0
MTS-010.bin.12	 0.56	 0.67	 0.75	 0	 0.98	 0.0	 1.0	 0	 0.75	 1	 1.0	 0	 0	 1.0	 0	 0.0	 0	 0.0	 0.24	 0.1	 0	 1	 0	 1	 0	 1	 0	 1	 1	 0	 0	 1	 1	 0	 1	 0	 0	 0	 0	 0	 0	 0	 0	 0	 0.99	 0	 0	 0	 0	 0	 0.0	 0	 0	 0	 0	 0	 0	 0	 0	 0	 0	 0	 0	 0	 0	 0	 0	 0	 0	 0.25	 0	 0	 0.73	 1.0	 0.12	 0	 0	 0.0	 0	 1.0	 0.91	 0.75	 0	 0	 0	 0	 0	 0	 0	 0.0	 0	 0	 0	 0	 0	 0	 0	 0	 0	 0	 0.25	 0.75	 1	 1	 0	 0.5	 0	 1	 0	 0.14550000000000002	 0.0	 0	 0	 0	 0	 0	 0	 0.14	 0	 0	 0	 0.5	 0	 1	 1.0	 0.8099999999999998	 0.33	 0	 0	 0.083	 0	 0.9129999999999999	 0.75	 0	 0.4	 0.5	 0	 0	 1.0	 0	 1.0	 1.0	 1.0	 1.0	 1	 1	 1	 1	 1	 1	 1	 1	 1	 1	 1	 0.8300000000000001	 1	 1	 0.8300000000000001	 1.0	 1.0	 1	 1	 1	 0	 0.99	 1	 0	 1.0
MTS-010.bin.15	 1.0	 0.0	 0.88	 0.07	 0.98	 0.0	 1.0	 0	 0.75	 0.99	 1.0	 0	 0	 1.0	 0	 0.0	 0	 0.0	 0.18	 0.3	 0	 1	 0	 1	 0	 0	 0	 1	 0	 0	 0	 1	 1	 1	 1	 0	 0	 0	 0	 0	 1	 0	 0	 0	 0	 0	 0	 0	 0	 0	 0.0	 0	 0	 0	 0	 0	 0	 0	 0	 0	 0	 0	 0	 0	 0	 0	 0	 0	 0	 0	 0	 0	 0.64	 1.0	 0.88	 0	 0.99	 1.0	 0.99	 1.0	 0.87	 0.88	 0	 0	 0	 0	 0	 0	 0	 0.0	 0	 0	 0	 0	 0	 0	 0	 0	 0	 0	 0.25	 1.0	 1	 0	 0.668	 1	 1	 1	 0	 0.458	 0.0	 0	 0	 0	 0	 0	 0	 0.07	 0	 0	 1	 0.75	 0	 1	 1.0	 0.8999999999999998	 0.66	 0	 0	 0.083	 0.555	 0.8999999999999998	 0.75	 0	 0.4	 0.75	 0	 0	 0	 0	 1.0	 0	 1.0	 1.0	 1	 1	 1	 1	 1	 0	 1	 1	 1	 1	 0	 0.8300000000000001	 1	 1	 0.8300000000000001	 1.0	 1.0	 1	 1	 1	 0	 0.99	 1	 0.8340000000000001	 1.0
MTS-010.bin.16	 0.78	 0.89	 0.88	 0.07	 0.98	 0.0	 1.0	 0	 0.75	 0.99	 1.0	 0	 1.0	 0	 0	 0.0	 0	 0.0	 0.24	 0.2	 0	 0	 0	 0	 0	 0	 0	 1	 1	 0	 0	 1	 0	 1	 1	 1	 0	 0	 0	 0	 1	 0	 0	 0	 0	 0	 0	 0	 0	 0	 0.64	 0	 0	 0	 0	 0	 0	 1	 1	 0	 1	 1	 0	 0	 0	 0	 0	 0	 0	 0	 0	 0	 0.64	 1.0	 1.0	 0	 0	 0.0	 0.99	 1.0	 1.0	 1.0	 0	 0	 0	 0	 0	 0	 0	 0.0	 0	 0	 0	 0	 0	 0	 0	 0	 0	 0	 0.25	 0.75	 0	 0	 0.501	 0.5	 1	 0	 0	 0.458	 0.0	 0	 0	 0	 0	 0	 0	 0.14	 0	 0	 1	 0.75	 0	 0	 0	 0	 0.99	 0	 0.6920999999999998	 0	 0.666	 0.9129999999999999	 0.75	 0	 0.6	 0.5	 0	 0	 1.0	 0	 1.0	 1.0	 1.0	 0	 1	 1	 1	 1	 1	 1	 1	 1	 1	 1	 1	 0.8300000000000001	 1	 1	 0.8300000000000001	 1.0	 1.0	 1	 1	 1	 0	 0	 1	 0.8340000000000001	 1.0
MTS-010.bin.1	 0.67	 0.78	 0.88	 0.07	 0.98	 0.0	 1.0	 0	 0	 0.99	 1.0	 0	 0.75	 1.0	 0	 0.0	 0	 0.0	 0.24	 0.2	 0	 1	 0	 1	 0	 0	 0	 0	 0	 0	 0	 1	 0	 0	 1	 0	 0	 0	 1	 1	 1	 0	 0	 0	 0	 0	 0	 0	 0	 0	 0.0	 0	 0	 0	 0	 0	 0	 0	 0	 0	 0	 1	 0	 0	 0	 0	 0	 0	 0	 0	 0	 0	 0.64	 1.0	 1.0	 0	 0.99	 0.6	 0	 1.0	 1.0	 0.88	 0	 0	 0	 0	 0	 0	 0	 0.0	 0	 0	 0	 0	 0	 0	 0	 0	 0	 0	 0.25	 1.0	 0	 1	 0.501	 0.5	 1	 0	 0	 0.20800000000000002	 0.0	 0	 0	 0	 0	 0	 0	 0.14	 0	 0	 1	 0.5	 0	 0	 0	 0.09	 0	 0.5328	 0.3076	 0.083	 0.111	 0.9129999999999999	 0.75	 0	 0.5	 0.75	 0	 0	 1.0	 0	 1.0	 1.0	 0	 1.0	 1	 1	 1	 1	 1	 1	 1	 1	 1	 1	 1	 0.8300000000000001	 1	 1	 0.8300000000000001	 1.0	 1.0	 1	 0	 0	 0	 0	 0	 0.8340000000000001	 1.0
MTS-010.bin.5	 0.78	 0.0	 0.62	 0	 0.0	 0.0	 0.75	 0	 1.0	 0	 0	 0	 0.25	 0	 0	 0.0	 0	 0.0	 0.12	 0.1	 0	 1	 0	 1	 0	 0	 0	 0	 1	 0	 0	 1	 1	 0	 1	 0	 0	 0	 0	 0	 1	 0	 0	 1	 0	 0	 0	 0	 0	 0	 0.0	 1	 0	 0	 0	 0	 0	 0	 0	 0	 1	 1	 0	 0	 0	 0	 0	 0	 0	 0	 0	 0.99	 0.27	 1.0	 0.12	 0	 0	 0.0	 0	 0	 0.04	 0.25	 0	 0	 0	 0	 0	 0	 0	 0.2	 0	 0	 0	 0	 0	 0	 0	 0.125	 0	 0	 1.0	 0.75	 0	 0	 0	 0.5	 1	 0	 0	 0.083	 0.0	 0	 0	 0	 0	 0	 0	 0.14	 0	 0	 0	 0.5	 0.5	 0	 0	 0.09	 0.33	 0	 0	 0	 0	 0.7199999999999999	 0.5	 0	 0.6	 0	 0	 0	 0	 0	 1.0	 1.0	 0	 1.0	 1	 1	 1	 1	 1	 1	 0	 1	 1	 0	 1	 0.8300000000000001	 1	 1	 0.8300000000000001	 0.75	 1.0	 0	 1	 1	 0	 0.66	 1	 0.167	 1.0
MTS-010.bin.8	 0.89	 0.0	 0.38	 0	 0.0	 0.0	 1.0	 0	 0	 0	 0	 0	 0	 0	 0	 0.0	 0	 0.0	 0.12	 0.1	 0	 0	 0	 0	 0	 0	 0	 0	 0	 0	 0	 0	 0	 0	 0	 0	 0	 0	 0	 0	 0	 0	 0	 0	 0	 0	 0	 0	 0	 0	 0.0	 0	 0	 0	 0	 0	 0	 0	 0	 0	 0	 0	 0	 0	 0	 0	 0	 0	 0	 0	 0.5	 0	 0.18	 0.0	 0.0	 0	 0	 0.0	 0.99	 1.0	 0.0	 0.0	 0	 0	 0	 0	 0	 0	 0	 0.0	 0	 0	 0	 0	 0	 0	 0	 0	 0	 0	 0.25	 0.5	 1	 1	 0	 1.0	 0	 1	 0	 0.3125	 0.0	 0.25	 0	 0	 0	 0	 0	 0.42000000000000004	 0	 0	 0	 0.5	 0	 0	 0	 0	 0	 0	 0	 0.083	 0	 0	 0	 0	 0.2	 1.0	 0	 0	 1.0	 0	 1.0	 1.0	 0	 1.0	 1	 1	 1	 1	 1	 0	 1	 1	 1	 1	 1	 0.8300000000000001	 1	 1	 0.8300000000000001	 1.0	 1.0	 0	 0	 0	 0	 0.99	 1	 0	 0.5
MTS-010.bin.9	 0.89	 0.0	 0.88	 0.07	 0.98	 0.0	 1.0	 0	 0	 0.99	 1.0	 0	 1.0	 1.0	 0	 0.0	 0	 0.0	 0.24	 0.2	 0	 0	 0	 1	 0	 1	 0	 1	 0	 0	 0	 1	 1	 1	 1	 1	 0	 0	 1	 1	 1	 0	 0	 0	 0.99	 0	 0	 0	 0	 0	 0.0	 0	 0	 0	 0.33	 0.75	 0	 0	 0	 0	 0	 1	 0	 0	 0	 0	 0	 0	 0	 0	 0	 0	 0.73	 1.0	 1.0	 0	 0	 1.0	 0	 1.0	 1.0	 0.88	 0	 0	 0	 0	 0	 0	 0	 0.0	 0	 0	 0	 0	 0	 0	 0	 0	 0	 0	 0.25	 1.0	 1	 1	 0.501	 1.0	 1	 1	 0	 0.14550000000000002	 0.0	 0	 0	 0	 0	 0	 0	 0.14	 0	 0	 1	 0.5	 0	 0	 0	 0	 0.33	 0.4662	 0.5382999999999999	 0.083	 0.555	 0.83	 0.75	 0	 0.5	 0.75	 1.0	 0	 1.0	 0	 1.0	 1.0	 0	 1.0	 1	 1	 1	 1	 1	 1	 0	 1	 1	 1	 1	 0.8300000000000001	 1	 1	 0.8300000000000001	 1.0	 1.0	 1	 0	 0	 0	 0.99	 1	 0.8340000000000001	 1.0
MTS-020.bin.11	 0.78	 0.89	 1.0	 0	 0.98	 0.0	 0.875	 0	 0.75	 1	 1.0	 0	 1.0	 1.0	 1	 1.0	 0	 0.0	 0.53	 0.3	 0	 1	 0	 1	 0	 0	 0	 0	 0	 0	 0	 1	 1	 0	 1	 0	 0	 0	 1	 1	 1	 0	 1	 0	 0.99	 0	 0	 0	 0	 0	 0.64	 0	 0	 0	 0.33	 0.5	 0	 0	 0	 0.33	 1	 1	 0	 0	 0.99	 0	 0	 0	 0	 0	 0	 0.66	 0.64	 1.0	 1.0	 0	 0	 1.0	 0.99	 1.0	 0.96	 0.75	 0	 0	 0	 0	 0	 0	 0	 0.0	 0	 0	 0	 0	 0	 0	 0	 0	 1.0	 0	 0.75	 1.0	 1	 1	 0.668	 0.5	 1	 0	 0	 0.583	 0.0	 0	 0	 0	 0	 0	 0	 0.14	 0	 0	 0	 0.75	 0	 1	 1.0	 0.8999999999999998	 0.33	 0	 0.6151999999999999	 0.41500000000000004	 0	 0.9129999999999999	 0.75	 0	 0.5	 0.75	 1.0	 0	 1.0	 0	 1.0	 1.0	 0	 1.0	 1	 1	 1	 1	 1	 1	 1	 1	 1	 1	 1	 0.8300000000000001	 1	 1	 0.8300000000000001	 1.0	 1.0	 1	 1	 1	 0	 0.99	 1	 0.8340000000000001	 1.0
MTS-020.bin.6	 0.89	 0.89	 0.88	 0	 0.84	 0.0	 1.0	 0	 0	 0	 1.0	 0	 0	 1.0	 0	 0.0	 0	 0.0	 0.18	 0.2	 0	 0	 0	 1	 0	 1	 0	 0	 0	 0	 0	 1	 1	 0	 1	 0	 0	 0	 0	 0	 1	 0	 0	 0	 0.99	 0	 0	 0	 0	 0	 0.0	 0	 0	 0	 0	 0	 0	 0	 0	 0	 0	 1	 0	 0	 0	 0	 0	 0	 0	 0	 0	 0	 0.91	 1.0	 1.0	 0.66	 0.99	 1.0	 0	 1.0	 1.0	 0.88	 0	 0	 0	 0	 0	 0	 0	 0.0	 0	 0	 0	 0	 0	 0	 0	 0	 0	 0	 0	 0.75	 1	 1	 0	 1	 0	 1	 0	 0.8125	 0.0	 0	 0	 0	 0	 0	 0	 0.14	 0	 0	 0	 1.0	 0	 0	 0	 0	 0.99	 0	 0.8458999999999998	 0	 0.666	 0.9129999999999999	 0.75	 0	 0.4	 1.0	 1.0	 0	 1.0	 0	 1.0	 1.0	 0	 1.0	 1	 1	 1	 1	 1	 1	 1	 1	 1	 1	 1	 0.9960000000000001	 1	 1	 0.9960000000000001	 1.0	 1.0	 1	 1	 1	 0	 0.99	 1	 0.167	 1.0
MTS-040.bin.3	 0.89	 0.89	 0.88	 0.07	 0.84	 1.0	 1.0	 0	 0	 0	 1.0	 0	 0	 1.0	 0	 0.0	 0	 0.0	 0.24	 0.1	 0	 1	 0	 1	 0	 1	 0	 1	 0	 0	 0	 1	 1	 1	 1	 0	 0	 0	 1	 1	 1	 0	 0	 0	 0.99	 0	 0	 0	 0	 0	 0.0	 0	 0	 0	 0	 0	 0	 0	 0	 0	 0	 1	 0	 0	 0.99	 0	 0	 0	 0	 0	 0	 0.66	 0.91	 1.0	 0.88	 0.99	 0.99	 1.0	 0.99	 1.0	 1.0	 0.88	 0	 0	 0	 0	 0	 0	 0	 0.0	 0	 0	 0	 0	 0	 0	 0	 0	 0	 0	 0	 1.0	 1	 1	 0.501	 1	 1	 1	 0	 0.875	 0.0	 0	 1	 1	 0	 0	 0	 0.14	 0	 0	 1	 0.75	 0	 1	 1.0	 0.9899999999999998	 0.33	 0	 0	 0	 0.666	 0.9959999999999999	 1.0	 0	 0.4	 1.0	 1.0	 1.0	 1.0	 1.0	 1.0	 1.0	 1.0	 1.0	 1	 1	 1	 1	 1	 1	 1	 1	 1	 1	 1	 0.9960000000000001	 1	 1	 0.9960000000000001	 1.0	 1.0	 1	 1	 1	 0	 0.99	 1	 0	 1.0
MTS-060.bin.2	 0.67	 0.0	 0.88	 0	 0.98	 0.0	 0.875	 0	 0.25	 0	 0	 0	 0	 1.0	 0	 0.0	 0	 0.0	 0.18	 0.2	 0	 1	 0	 0	 0	 1	 1	 1	 0	 0	 0	 1	 1	 0	 1	 0	 0	 1	 0	 0	 0	 0	 0	 0	 0.99	 0	 0	 0	 0	 0	 0.0	 0	 0	 0	 0	 0	 0	 0	 0	 0	 1	 1	 0	 0	 0	 0	 0	 0	 0	 0.5	 0	 0.99	 0.36	 0.75	 0.12	 0	 0	 0.0	 0	 1.0	 0.87	 0.75	 0	 0	 0	 0	 0	 0	 0	 0.0	 0	 0	 0	 0	 0	 0	 0	 0.25	 0	 0	 0.5	 0.75	 1	 1	 0	 0.5	 0	 1	 0	 0.20800000000000002	 0.0	 0	 0	 0	 0	 0	 0	 0.14	 0	 0	 0	 0	 0	 0	 0	 0.09	 0.33	 0	 0.1538	 0.083	 0	 0.83	 0.5	 0	 0.4	 0.75	 0	 0	 0	 0	 1.0	 1.0	 0	 1.0	 1	 1	 1	 1	 1	 0	 1	 1	 1	 1	 1	 0.8300000000000001	 1	 1	 0.8300000000000001	 1.0	 1.0	 0	 1	 1	 0	 0.66	 1	 0.167	 1.0
MTS-090.bin.1	 0.89	 0.0	 0.62	 0.07	 0.98	 0.0	 1.0	 0	 0	 0	 0	 0	 0	 1.0	 0	 0.0	 0	 0.0	 0.18	 0.1	 0	 0	 0	 1	 0	 1	 0	 0	 1	 0	 0	 1	 1	 0	 1	 0	 0	 0	 0	 0	 0	 0	 0	 0	 0	 0	 0	 0	 0	 0	 0.0	 0	 0	 0	 0	 0	 0	 0	 0	 0	 0	 0	 0	 0	 0	 0	 0	 0	 0	 0	 0	 0	 0.36	 1.0	 0.62	 0	 0	 0.0	 0	 0	 0.04	 0.0	 0	 0	 0	 0	 0	 0	 0	 0.0	 0	 0	 0	 0	 0	 0	 0	 0	 0	 0	 0.25	 0.25	 0	 0	 0	 0.5	 1	 0	 0	 0.3955	 0.0	 0	 0	 0	 0	 0	 0	 0	 0	 0	 0	 0.5	 0	 0	 0	 0.09	 0.33	 0	 0	 0	 0	 0.8099999999999998	 0.5	 0	 0.30000000000000004	 0.75	 0	 0	 0	 0	 0	 1.0	 0	 1.0	 1	 1	 1	 1	 1	 1	 1	 1	 1	 1	 1	 0.8300000000000001	 1	 1	 0.8300000000000001	 1.0	 1.0	 0	 1	 1	 0	 0.99	 1	 0	 1.0
MTS-090.bin.2	 0.78	 0.0	 0.75	 0	 0.98	 0.0	 0.875	 0	 0	 0	 1.0	 0	 0	 1.0	 0	 0.0	 0	 0.0	 0.24	 0.2	 0	 1	 0	 1	 0	 0	 0	 0	 0	 0	 0	 1	 1	 0	 0	 0	 0	 0	 1	 1	 0	 0	 0	 0	 0.99	 0	 0	 0	 0	 0	 0.0	 0	 0	 0	 0	 0	 0	 0	 0	 0	 0	 0	 0	 0	 0	 0	 0	 0	 0	 0.5	 0	 0	 0.45	 1.0	 0.25	 0	 0	 1.0	 0.99	 1.0	 0.87	 0.88	 0	 0	 0	 0	 0	 0	 0	 0.0	 0	 0	 0	 0	 0	 0	 0	 0	 0	 0	 0.25	 0.25	 1	 1	 0	 1	 1	 1	 0	 0.3955	 0.0	 0	 0	 0	 0	 0	 0	 0.07	 0	 0	 0	 0.75	 0	 1	 1.0	 0.8099999999999998	 0.99	 0	 0	 0.083	 0	 0.83	 0.75	 0	 0.6	 0.75	 0	 0	 0	 0	 1.0	 1.0	 1.0	 1.0	 1	 1	 1	 1	 1	 1	 1	 1	 1	 1	 1	 0.8300000000000001	 1	 1	 0.8300000000000001	 1.0	 1.0	 1	 1	 1	 0	 0.99	 1	 0.167	 1.0
MTS-090.bin.4	 0.78	 0.89	 0.75	 0	 0.98	 0.0	 1.0	 0	 0.75	 0.99	 1.0	 0	 0	 1.0	 0	 0.0	 0	 0.17	 0.47	 0.3	 0	 1	 0	 0	 0	 0	 0	 0	 0	 0	 0	 1	 0	 0	 1	 0	 0	 0	 1	 1	 1	 0	 0	 0	 0	 0	 0	 0	 0	 0	 0.16	 0	 0	 0	 0	 0	 0	 0	 0	 0	 1	 1	 0	 0	 0	 0	 0	 0	 0	 0	 0	 0.99	 0.73	 1.0	 1.0	 0	 0	 1.0	 0.99	 1.0	 1.0	 0.88	 0	 0	 0	 0	 0	 0	 0	 0.0	 0	 0	 0	 0	 0	 0	 0	 0	 0	 0	 0.25	 1.0	 1	 0	 0.8350000000000001	 1	 1	 1	 0	 0.625	 0.0	 0	 0	 0	 0	 0	 0	 0.14	 0	 0	 1	 0.75	 0	 1	 1.0	 0.8099999999999998	 0.33	 0.666	 0.6920999999999998	 0	 0.666	 0.83	 0.75	 0	 0.6	 0.75	 0	 0	 1.0	 0	 1.0	 1.0	 1.0	 1.0	 1	 1	 1	 1	 1	 0	 1	 1	 1	 1	 1	 0.8300000000000001	 1	 1	 0.8300000000000001	 1.0	 1.0	 1	 1	 1	 0	 0.99	 1	 0.8340000000000001	 1.0
MTS-090.bin.7	 0.78	 0.0	 0.62	 0	 0.14	 0.0	 1.0	 0	 0	 0	 0	 0	 0	 1.0	 0	 0.0	 0	 0.0	 0.06	 0.3	 0	 1	 0	 0	 0	 0	 0	 0	 0	 0	 0	 0	 1	 0	 1	 0	 0	 0	 1	 1	 1	 0	 0	 0	 0.99	 0	 0	 0	 1	 0	 0.0	 0	 0	 0	 0	 0	 0	 0	 0	 0	 0	 0	 0	 0	 0.66	 0	 0	 0	 0	 0	 0.25	 0.99	 0.73	 1.0	 0.75	 0	 0	 0.0	 0	 1.0	 0.96	 0.88	 0	 0	 0	 0	 0	 0	 0	 0.0	 0	 0	 0	 0	 0	 0	 0	 0	 0	 0	 0.25	 0.75	 1	 1	 0.501	 0.5	 0	 0	 0	 0.5205	 0.0	 0.5	 0	 0	 0	 0	 0	 0.28	 0	 0	 0	 0.25	 0	 0	 0	 0.09	 0.33	 0	 0.0769	 0	 0	 0.747	 0.5	 0	 0.30000000000000004	 1.0	 1.0	 0	 1.0	 0	 1.0	 1.0	 1.0	 1.0	 1	 1	 1	 1	 1	 0	 1	 1	 1	 1	 1	 0.8300000000000001	 1	 1	 0.8300000000000001	 1.0	 1.0	 1	 1	 1	 0	 0.99	 1	 0.167	 1.0
MTS-100.bin.2	 0.67	 0.0	 0.88	 0	 0.98	 0.0	 0.875	 0	 0.25	 0	 0	 0	 0	 1.0	 0	 0.0	 0	 0.0	 0.18	 0.2	 0	 1	 0	 0	 0	 0	 0	 0	 1	 0	 0	 1	 1	 0	 1	 0	 0	 0	 0	 0	 0	 0	 0	 0	 0.33	 0	 0	 0	 0	 0	 0.0	 0	 0	 0	 0	 0	 0	 0	 0	 0	 0	 0	 0	 0	 0	 0	 0	 0	 0	 0.5	 0	 0.99	 0.36	 1.0	 0.75	 0	 0	 0.0	 0	 1.0	 0.91	 0.75	 0	 0	 0	 0	 0	 0	 0	 0.0	 0	 0	 0	 0	 0	 0	 0	 0.25	 0	 0	 0.5	 0.5	 1	 0	 0.167	 1	 0	 0	 0	 0.14550000000000002	 0.0	 0	 0	 0	 0	 0	 0	 0.14	 0	 0	 0	 0	 0	 0	 0	 0.09	 0.33	 0	 0.1538	 0.083	 0	 0.83	 0.5	 0	 0.4	 0.75	 1.0	 0	 0	 0	 1.0	 1.0	 0	 1.0	 1	 1	 1	 1	 1	 1	 1	 1	 1	 1	 1	 0.8300000000000001	 1	 1	 0.8300000000000001	 1.0	 1.0	 0	 1	 1	 0	 0.66	 1	 0	 1.0
MTS-110.bin.3	 0.78	 0.0	 0.38	 0	 0.0	 0.0	 1.0	 0	 0	 0	 0	 0	 0	 1.0	 0	 0.0	 0	 0.0	 0.06	 0.2	 0	 0	 0	 0	 0	 0	 0	 0	 1	 0	 0	 1	 1	 1	 0	 0	 0	 0	 0	 0	 0	 0	 0	 0	 0	 0	 0	 0	 0	 0	 0.0	 0	 0	 0	 0	 0	 0	 0	 0	 0	 0	 0	 0	 0	 0	 0	 0	 0	 0	 0	 0	 0	 0.55	 1.0	 0.0	 0	 0	 0.0	 0.99	 1.0	 0.0	 0.0	 0	 0	 0	 0	 0	 0	 0	 0.0	 0	 0	 0	 0	 0	 0	 0	 0	 0	 0	 0.25	 0.75	 1	 1	 0	 1.0	 0	 1	 0	 0.0625	 0.0	 0.25	 0	 0	 0	 0	 0	 0.49000000000000005	 0	 0	 0	 0.25	 0	 0	 0	 0	 0	 0	 0	 0	 0	 0	 0	 0	 0.2	 1.0	 0	 0	 1.0	 0	 1.0	 1.0	 0	 1.0	 1	 1	 1	 1	 1	 1	 1	 1	 1	 1	 1	 0.8300000000000001	 1	 1	 0.8300000000000001	 1.0	 1.0	 0	 0	 0	 0	 0.99	 1	 0.167	 0.5
